industry,employees,avg_age,family,sum_insured,copay_parents,room_rent,city,premium_per_life,claims_ratio,engagement,renewal_loading
Pharma,710,38.1,E+S+2C,500000,0,2%,Metro,2802.0,0.974,0.646,0.2344
Manufacturing,809,36.4,E+S+2C,300000,0,No cap,Metro,2368.0,1.028,0.411,0.2905
Retail,835,31.9,E+S+2C+P,1000000,0,2%,Metro,3893.0,0.89,0.446,0.1796
Pharma,294,29.0,E,500000,0,2%,Tier 2,900.0,0.708,0.336,0.0787
IT services,1085,27.1,E+S+2C,300000,0,No cap,Metro,1533.0,0.922,0.526,0.1755
Prof. services,402,32.3,E+S+2C,500000,0,2%,Metro,2251.0,0.886,0.604,0.165
Pharma,950,32.3,E+S+2C+P,500000,10,2%,Metro,3060.0,0.68,0.635,0.0698
Retail,645,32.8,E+S+2C,500000,0,1%,Metro,1972.0,0.655,0.464,0.0512
IT services,284,35.0,E+S+2C,1000000,0,1%,Tier 2,2602.0,0.877,0.509,0.1589
Manufacturing,537,34.1,E+S+2C+P,500000,0,No cap,Metro,3316.0,0.901,0.422,0.2071
Manufacturing,809,34.9,E+S+2C,500000,0,2%,Tier 2,1976.0,0.785,0.503,0.0815
Prof. services,938,33.6,E+S+2C,300000,0,1%,Tier 2,1800.0,0.889,0.478,0.1409
BFSI,597,38.0,E+S+2C,500000,0,2%,Metro,2825.0,0.895,0.447,0.1676
Retail,1629,27.9,E,1000000,0,1%,Metro,1135.0,0.861,0.457,0.1254
Manufacturing,1189,37.6,E,500000,0,No cap,Metro,1565.0,0.667,0.494,0.0987
IT services,557,34.6,E+S+2C,500000,0,1%,Tier 2,1946.0,0.819,0.405,0.1384
BFSI,1019,29.9,E+S+2C+P,500000,0,No cap,Metro,2467.0,0.974,0.411,0.2695
IT services,2000,26.8,E+S+2C+P,500000,10,2%,Metro,2267.0,0.651,0.645,0.0582
Retail,2000,29.9,E,1000000,0,1%,Tier 2,1093.0,0.723,0.765,0.0868
BFSI,311,32.7,E+S+2C,300000,0,1%,Tier 2,1488.0,0.633,0.295,0.0797
Pharma,372,37.0,E+S+2C,300000,0,No cap,Metro,2361.0,0.84,0.289,0.1786
Manufacturing,1584,37.6,E+S+2C+P,500000,0,1%,Metro,3874.0,1.024,0.325,0.3134
Prof. services,344,28.6,E+S+2C,500000,0,1%,Tier 2,1519.0,1.096,0.428,0.2161
Retail,293,32.3,E+S+2C,500000,0,No cap,Metro,2120.0,0.672,0.547,0.1115
Pharma,485,33.6,E+S+2C,300000,0,1%,Tier 2,1619.0,0.855,0.511,0.1689
IT services,836,33.2,E+S+2C,500000,0,1%,Metro,2037.0,0.84,0.461,0.1039
Manufacturing,611,35.4,E+S+2C,500000,0,1%,Metro,2234.0,0.838,0.503,0.1501
IT services,439,28.4,E+S+2C+P,500000,0,No cap,Tier 2,2500.0,0.96,0.357,0.1888
IT services,433,31.4,E+S+2C,500000,0,1%,Metro,2347.0,0.818,0.411,0.153
Pharma,423,36.9,E+S+2C+P,500000,0,1%,Metro,2887.0,1.147,0.438,0.3211
Pharma,383,36.1,E+S+2C,500000,0,1%,Metro,2246.0,0.965,0.25,0.1696
Prof. services,2000,28.8,E+S+2C+P,500000,10,1%,Metro,2456.0,0.691,0.301,0.1012
Manufacturing,777,38.3,E+S+2C+P,500000,10,1%,Tier 2,2825.0,0.889,0.305,0.181
Manufacturing,1106,34.4,E+S+2C+P,500000,10,1%,Metro,3215.0,0.868,0.532,0.1701
Manufacturing,484,37.6,E+S+2C,500000,0,1%,Metro,2604.0,0.842,0.469,0.1598
IT services,581,26.4,E+S+2C,300000,0,1%,Metro,1398.0,0.897,0.513,0.1382
IT services,423,31.1,E+S+2C,300000,0,No cap,Tier 2,1614.0,0.84,0.219,0.1108
Manufacturing,250,35.0,E+S+2C,500000,0,1%,Metro,2207.0,0.827,0.262,0.1583
IT services,284,26.8,E+S+2C,1000000,0,1%,Tier 2,1772.0,0.777,0.52,0.1021
Pharma,250,36.8,E+S+2C+P,500000,0,No cap,Tier 2,3409.0,0.545,0.107,0.121
Manufacturing,250,37.6,E+S+2C+P,300000,0,No cap,Metro,3373.0,0.923,0.587,0.2085
Retail,317,29.5,E+S+2C,500000,0,2%,Tier 2,1746.0,0.651,0.221,0.0589
Pharma,1439,38.6,E+S+2C,300000,0,1%,Metro,2284.0,0.707,0.541,0.1007
Manufacturing,632,35.9,E+S+2C+P,500000,0,1%,Metro,3022.0,1.066,0.333,0.3117
Retail,1409,31.1,E+S+2C+P,1000000,0,1%,Metro,3159.0,0.913,0.566,0.148
Retail,831,31.7,E+S+2C,500000,0,1%,Tier 2,1511.0,0.772,0.825,0.0813
Manufacturing,1039,35.5,E+S+2C,500000,0,1%,Tier 2,2126.0,0.736,0.167,0.0948
Manufacturing,378,38.2,E+S+2C+P,300000,0,2%,Tier 2,2919.0,0.947,0.523,0.1888
Pharma,890,33.7,E+S+2C,500000,0,1%,Tier 2,1940.0,0.884,0.223,0.1613
IT services,1006,29.0,E+S+2C,1000000,0,2%,Metro,2089.0,0.684,0.491,0.0476
IT services,459,33.4,E+S+2C+P,500000,20,1%,Tier 2,2749.0,0.781,0.415,0.1214
IT services,909,27.4,E+S+2C+P,500000,10,1%,Tier 2,1953.0,0.846,0.456,0.1428
Retail,912,25.0,E+S+2C+P,500000,20,No cap,Metro,2335.0,0.592,0.331,0.036
Pharma,467,39.0,E+S+2C+P,300000,20,No cap,Metro,3430.0,0.836,0.534,0.1979
Pharma,331,41.4,E+S+2C,300000,0,1%,Metro,2188.0,0.741,0.266,0.1359
Retail,319,30.0,E+S+2C,300000,0,2%,Tier 2,1418.0,0.745,0.589,0.0876
Manufacturing,684,32.2,E+S+2C,500000,0,1%,Metro,2046.0,0.718,0.391,0.0892
BFSI,790,33.2,E+S+2C,1000000,0,1%,Tier 2,2813.0,0.796,0.272,0.0841
IT services,404,29.3,E+S+2C,500000,0,2%,Metro,1988.0,1.058,0.631,0.2145
IT services,660,29.5,E+S+2C,300000,0,1%,Metro,1778.0,0.728,0.432,0.0747
Pharma,915,32.2,E+S+2C,300000,0,1%,Metro,1892.0,0.806,0.669,0.1554
Manufacturing,941,38.4,E+S+2C+P,300000,10,2%,Metro,3208.0,1.001,0.587,0.2907
BFSI,1649,35.3,E+S+2C,1000000,0,1%,Tier 2,2225.0,0.748,0.344,0.1239
Pharma,1398,31.3,E+S+2C,500000,0,1%,Metro,2128.0,0.922,0.43,0.1697
BFSI,356,35.7,E,500000,0,1%,Tier 2,978.0,0.792,0.455,0.1209
BFSI,1784,39.1,E+S+2C,1000000,0,No cap,Metro,4065.0,0.974,0.623,0.2402
BFSI,472,34.4,E+S+2C+P,300000,10,2%,Tier 2,2410.0,0.891,0.493,0.1661
Manufacturing,1216,36.2,E+S+2C,500000,0,1%,Metro,1877.0,0.82,0.461,0.1784
IT services,677,29.6,E+S+2C,1000000,0,1%,Metro,2193.0,0.759,0.416,0.1277
Manufacturing,507,38.5,E+S+2C+P,500000,20,2%,Metro,3648.0,0.717,0.434,0.1168
IT services,250,25.7,E+S+2C,300000,0,1%,Metro,1341.0,0.765,0.597,0.082
Manufacturing,586,37.4,E,1000000,0,2%,Metro,1833.0,0.911,0.44,0.1929
Retail,255,30.0,E+S+2C,1000000,0,No cap,Tier 2,2128.0,0.806,0.393,0.1364
IT services,1161,34.6,E+S+2C,500000,0,1%,Metro,1981.0,0.758,0.372,0.0782
IT services,1614,29.6,E+S+2C+P,500000,0,1%,Metro,2656.0,0.847,0.374,0.1301
Manufacturing,402,41.2,E+S+2C,300000,0,1%,Metro,2356.0,0.964,0.272,0.2297
Manufacturing,779,34.2,E,1000000,0,1%,Metro,1416.0,0.919,0.35,0.1539
Pharma,420,36.5,E,500000,0,1%,Metro,1423.0,0.694,0.62,0.0973
BFSI,445,34.8,E+S+2C,300000,0,No cap,Metro,2000.0,0.73,0.415,0.1298
Retail,1034,28.8,E,500000,0,1%,Tier 2,887.0,0.799,0.525,0.1113
Pharma,635,35.4,E+S+2C+P,1000000,20,2%,Tier 2,3339.0,0.975,0.143,0.2237
Manufacturing,1845,40.0,E+S+2C,1000000,0,2%,Metro,3045.0,0.89,0.508,0.2002
Retail,486,30.2,E+S+2C,300000,0,1%,Metro,1440.0,0.595,0.421,0.0571
IT services,1183,25.8,E+S+2C,300000,0,1%,Metro,1372.0,0.728,0.382,0.067
IT services,689,30.0,E+S+2C,1000000,0,1%,Metro,2670.0,0.659,0.462,0.0407
IT services,1047,27.7,E,1000000,0,2%,Metro,1292.0,0.734,0.381,0.0733
Pharma,497,34.1,E+S+2C+P,500000,0,1%,Tier 2,2393.0,1.105,0.185,0.2704
Manufacturing,630,36.8,E+S+2C+P,500000,20,2%,Metro,2540.0,0.622,0.551,0.1217
IT services,606,25.7,E,500000,0,No cap,Metro,1070.0,0.59,0.469,0.0417
BFSI,393,30.0,E+S+2C,500000,0,No cap,Tier 2,1849.0,0.68,0.402,0.1058
IT services,967,31.2,E+S+2C+P,300000,10,No cap,Metro,2834.0,0.841,0.324,0.1678
Pharma,960,33.7,E+S+2C,300000,0,No cap,Tier 2,1682.0,0.884,0.264,0.1726
Manufacturing,928,30.6,E+S+2C,300000,0,No cap,Metro,1900.0,0.854,0.467,0.1594
Manufacturing,1634,39.0,E+S+2C,1000000,0,No cap,Metro,3804.0,0.933,0.634,0.239
Manufacturing,1550,37.7,E+S+2C+P,300000,0,2%,Tier 2,2713.0,0.762,0.464,0.1175
BFSI,519,32.2,E+S+2C+P,300000,10,No cap,Tier 2,2269.0,0.976,0.274,0.2471
Manufacturing,813,33.7,E+S+2C,500000,0,No cap,Tier 2,2128.0,0.789,0.467,0.1502
IT services,447,32.1,E+S+2C+P,300000,0,2%,Metro,2756.0,0.982,0.434,0.2072
IT services,659,30.9,E+S+2C,300000,0,2%,Tier 2,1526.0,0.614,0.544,0.0412
Prof. services,453,39.0,E+S+2C,500000,0,2%,Metro,2943.0,0.805,0.513,0.16
Prof. services,1718,34.1,E+S+2C,500000,0,No cap,Metro,2365.0,0.842,0.1,0.1865
Pharma,808,36.0,E+S+2C,500000,0,1%,Metro,2073.0,0.916,0.505,0.1725
IT services,570,29.6,E+S+2C,1000000,0,No cap,Metro,2999.0,0.603,0.32,0.0467
Prof. services,1330,35.0,E,300000,0,No cap,Metro,1131.0,0.831,0.269,0.1689
Pharma,250,36.6,E+S+2C,1000000,0,No cap,Metro,3123.0,0.624,0.417,0.1234
Pharma,250,38.1,E+S+2C+P,1000000,0,1%,Tier 2,3833.0,0.998,0.489,0.2025
Manufacturing,1047,35.7,E,1000000,0,2%,Tier 2,1436.0,0.864,0.243,0.1161
IT services,674,28.9,E+S+2C,500000,0,No cap,Tier 2,1741.0,0.955,0.525,0.1671
IT services,755,28.8,E+S+2C,500000,0,No cap,Metro,2039.0,0.744,0.532,0.1001
Prof. services,293,35.0,E+S+2C,500000,0,No cap,Tier 2,2214.0,0.994,0.446,0.2018
Manufacturing,641,40.7,E+S+2C+P,500000,0,2%,Metro,4262.0,1.075,0.336,0.3359
IT services,2000,28.9,E+S+2C+P,300000,0,2%,Metro,1951.0,0.751,0.322,0.1181
Manufacturing,1065,35.9,E+S+2C+P,1000000,10,1%,Tier 2,3920.0,0.849,0.563,0.1804
BFSI,719,34.8,E,500000,0,No cap,Metro,1368.0,0.937,0.259,0.2152
IT services,499,29.4,E+S+2C,500000,0,1%,Metro,1918.0,0.73,0.568,0.1105
Retail,512,33.4,E+S+2C,500000,0,2%,Metro,2006.0,0.618,0.42,0.048
Pharma,250,29.4,E+S+2C,300000,0,No cap,Metro,1705.0,0.988,0.428,0.1794
Pharma,758,32.9,E,500000,0,1%,Tier 2,947.0,0.646,0.235,0.0244
Manufacturing,1079,35.0,E+S+2C,500000,0,1%,Metro,2510.0,0.772,0.422,0.1509
BFSI,252,28.2,E+S+2C,500000,0,1%,Metro,1676.0,0.753,0.514,0.1057
BFSI,437,31.6,E+S+2C,300000,0,No cap,Metro,2033.0,0.919,0.28,0.1685
BFSI,324,31.7,E+S+2C,300000,0,2%,Metro,1705.0,0.668,0.5,0.0813
IT services,364,29.5,E+S+2C+P,500000,20,1%,Tier 2,2004.0,0.656,0.451,0.0885
Manufacturing,671,39.8,E+S+2C+P,500000,10,2%,Tier 2,3299.0,0.819,0.363,0.1706
IT services,250,29.4,E+S+2C,1000000,0,1%,Tier 2,2169.0,0.96,0.543,0.1389
Manufacturing,939,34.4,E+S+2C+P,300000,10,No cap,Tier 2,2181.0,1.054,0.176,0.283
Manufacturing,1021,36.9,E,300000,0,1%,Metro,1001.0,0.651,0.482,0.0703
IT services,559,32.6,E+S+2C+P,300000,0,1%,Tier 2,1895.0,0.919,0.634,0.1804
IT services,250,27.6,E+S+2C+P,500000,0,1%,Metro,2283.0,0.648,0.613,0.0774
BFSI,357,31.7,E,500000,0,2%,Metro,1089.0,0.94,0.487,0.1441
IT services,1362,31.4,E+S+2C+P,500000,0,2%,Metro,2663.0,0.796,0.404,0.1428
Prof. services,250,32.4,E+S+2C+P,1000000,0,No cap,Metro,3869.0,0.787,0.364,0.1557
BFSI,527,35.6,E+S+2C+P,300000,0,2%,Tier 2,2227.0,0.812,0.404,0.1488
Manufacturing,320,37.0,E+S+2C+P,500000,0,1%,Metro,3190.0,0.883,0.505,0.1956
BFSI,1053,35.8,E+S+2C,300000,0,1%,Tier 2,1876.0,0.821,0.343,0.1578
IT services,433,27.4,E,300000,0,1%,Metro,825.0,0.829,0.531,0.1321
Prof. services,828,33.0,E+S+2C+P,500000,20,No cap,Metro,3095.0,0.819,0.696,0.1856
Manufacturing,912,36.5,E+S+2C,300000,0,1%,Tier 2,1613.0,0.659,0.433,0.0551
Retail,1956,28.0,E+S+2C,500000,0,No cap,Metro,1753.0,0.85,0.279,0.1411
IT services,575,26.1,E+S+2C,500000,0,1%,Metro,1489.0,0.746,0.279,0.0588
Manufacturing,814,38.7,E+S+2C,500000,0,1%,Metro,2529.0,0.927,0.533,0.2042
Manufacturing,266,36.1,E+S+2C,500000,0,1%,Tier 2,2177.0,0.66,0.433,0.0931
Prof. services,1327,30.4,E+S+2C+P,500000,10,1%,Tier 2,2452.0,0.635,0.545,0.0234
BFSI,411,33.8,E,500000,0,No cap,Metro,1405.0,0.818,0.376,0.1563
Manufacturing,464,39.8,E+S+2C+P,300000,0,2%,Metro,3260.0,1.091,0.54,0.2671
IT services,641,24.3,E+S+2C+P,300000,0,1%,Metro,1892.0,0.865,0.421,0.1104
Manufacturing,254,33.3,E+S+2C,500000,0,2%,Metro,2174.0,0.743,0.352,0.1315
BFSI,745,31.7,E+S+2C,1000000,0,2%,Metro,2535.0,0.677,0.392,0.057
Manufacturing,1161,40.7,E+S+2C,300000,0,No cap,Metro,3093.0,1.008,0.296,0.2735
IT services,774,30.7,E+S+2C+P,500000,10,No cap,Metro,2597.0,0.698,0.679,0.0844
Retail,250,32.9,E+S+2C+P,500000,10,2%,Metro,2964.0,0.639,0.428,0.1139
Retail,603,28.1,E+S+2C,1000000,0,No cap,Metro,2683.0,0.872,0.517,0.1837
IT services,1014,27.2,E+S+2C,500000,0,No cap,Metro,1717.0,0.618,0.376,0.0139
BFSI,250,35.1,E+S+2C,500000,0,2%,Metro,2261.0,1.035,0.314,0.1988
IT services,341,30.1,E+S+2C,500000,0,2%,Tier 2,1680.0,0.872,0.412,0.1531
Pharma,1099,36.4,E+S+2C+P,1000000,0,1%,Metro,4062.0,0.976,0.572,0.2243
Manufacturing,764,36.5,E+S+2C+P,300000,0,No cap,Tier 2,2543.0,0.996,0.378,0.3026
BFSI,832,34.7,E+S+2C,1000000,0,No cap,Metro,3211.0,0.81,0.336,0.2055
Pharma,1983,35.4,E+S+2C+P,300000,20,1%,Metro,2614.0,0.717,0.459,0.0596
Pharma,861,36.9,E+S+2C,1000000,0,No cap,Metro,3450.0,0.821,0.5,0.1696
IT services,964,32.0,E+S+2C+P,300000,10,No cap,Metro,2482.0,0.72,0.637,0.1035
Prof. services,2000,29.0,E+S+2C,300000,0,1%,Metro,1543.0,0.797,0.482,0.1069
IT services,571,24.4,E+S+2C,300000,0,2%,Tier 2,1133.0,0.849,0.517,0.0974
IT services,402,32.5,E+S+2C+P,500000,0,No cap,Tier 2,2875.0,1.143,0.526,0.289
BFSI,840,37.0,E+S+2C,300000,0,No cap,Metro,2744.0,0.875,0.302,0.1965
Manufacturing,845,34.4,E+S+2C+P,300000,20,1%,Metro,2416.0,0.883,0.324,0.1796
Retail,473,26.4,E+S+2C+P,500000,0,1%,Tier 2,1902.0,0.812,0.31,0.1143
Retail,349,31.2,E+S+2C,500000,0,2%,Metro,2109.0,0.695,0.28,0.0991
Manufacturing,2000,39.3,E,500000,0,1%,Metro,1280.0,0.838,0.535,0.1524
Prof. services,790,37.5,E+S+2C+P,1000000,0,1%,Tier 2,3424.0,0.856,0.475,0.1524
Manufacturing,418,38.3,E+S+2C,500000,0,1%,Metro,2300.0,0.841,0.45,0.2058
BFSI,1126,33.1,E,300000,0,1%,Metro,940.0,0.684,0.129,0.0534
IT services,608,27.8,E+S+2C,300000,0,2%,Metro,1686.0,0.65,0.687,0.0419
Prof. services,558,33.0,E+S+2C+P,1000000,0,2%,Metro,4099.0,0.962,0.333,0.2089
IT services,910,29.3,E+S+2C,300000,0,2%,Metro,1718.0,0.855,0.686,0.1548
IT services,299,27.5,E+S+2C,500000,0,No cap,Tier 2,1563.0,0.623,0.266,0.0952
Manufacturing,803,42.1,E+S+2C+P,1000000,0,1%,Metro,4843.0,0.989,0.343,0.2912
Prof. services,2000,37.5,E+S+2C,1000000,0,1%,Tier 2,2653.0,0.761,0.176,0.0863
Retail,859,33.8,E+S+2C+P,500000,10,1%,Tier 2,2443.0,0.785,0.483,0.1081
Pharma,518,32.7,E+S+2C,500000,0,1%,Tier 2,1762.0,0.969,0.308,0.1778
Retail,479,33.1,E+S+2C+P,500000,20,1%,Metro,2791.0,0.893,0.311,0.1807
Retail,508,32.6,E+S+2C+P,500000,10,1%,Metro,2730.0,0.886,0.275,0.1478
BFSI,558,35.1,E,300000,0,1%,Metro,1065.0,1.036,0.533,0.2516
Manufacturing,518,40.1,E+S+2C+P,300000,0,1%,Metro,3732.0,0.814,0.525,0.1623
Pharma,1126,36.6,E+S+2C,500000,0,2%,Tier 2,2166.0,0.704,0.657,0.1117
Pharma,250,36.9,E,300000,0,2%,Metro,1299.0,0.656,0.358,0.1421
Manufacturing,1090,38.6,E+S+2C,500000,0,No cap,Tier 2,2635.0,0.819,0.466,0.1627
IT services,517,30.9,E+S+2C+P,500000,0,No cap,Metro,2829.0,0.595,0.285,0.084
Pharma,814,30.5,E,1000000,0,2%,Metro,1246.0,0.748,0.4,0.0697
IT services,330,30.2,E+S+2C,1000000,0,1%,Metro,2151.0,0.677,0.378,0.0925
Prof. services,1442,31.6,E,500000,0,2%,Tier 2,947.0,0.838,0.496,0.1251
IT services,1372,26.8,E+S+2C,500000,0,1%,Metro,1660.0,0.784,0.562,0.0748
IT services,1156,34.2,E+S+2C,300000,0,1%,Metro,1935.0,0.731,0.559,0.091
Retail,261,35.3,E+S+2C,500000,0,1%,Tier 2,2183.0,0.901,0.339,0.1484
IT services,1068,33.4,E+S+2C,300000,0,1%,Metro,1835.0,0.849,0.56,0.1522
IT services,828,30.6,E,1000000,0,1%,Metro,1239.0,0.689,0.435,0.0839
BFSI,250,37.4,E+S+2C,1000000,0,2%,Metro,2661.0,0.702,0.401,0.1049
Retail,640,31.0,E+S+2C,1000000,0,No cap,Metro,2708.0,0.543,0.355,0.0587
IT services,808,30.5,E+S+2C+P,1000000,0,No cap,Metro,3842.0,0.793,0.373,0.1249
Manufacturing,907,34.3,E,1000000,0,2%,Metro,1573.0,0.71,0.649,0.12
Pharma,722,36.0,E,300000,0,2%,Metro,1358.0,0.8,0.477,0.1218
Prof. services,774,33.2,E+S+2C,1000000,0,1%,Metro,2814.0,0.677,0.461,0.0709
BFSI,1573,30.7,E+S+2C,500000,0,2%,Metro,2175.0,0.731,0.409,0.0734
IT services,1356,29.9,E+S+2C,500000,0,2%,Metro,1834.0,0.666,0.734,0.0367
IT services,250,29.8,E+S+2C+P,500000,10,1%,Metro,2443.0,0.8,0.597,0.1533
IT services,537,34.5,E+S+2C,300000,0,1%,Metro,1847.0,0.842,0.353,0.183
IT services,588,32.2,E+S+2C,300000,0,No cap,Metro,1839.0,0.868,0.407,0.1943
Pharma,250,35.0,E+S+2C,300000,0,2%,Metro,2099.0,0.791,0.414,0.1274
IT services,687,30.6,E,300000,0,2%,Metro,978.0,0.591,0.458,0.0287
BFSI,1375,34.1,E+S+2C,500000,0,2%,Tier 2,1845.0,0.733,0.356,0.0721
Pharma,338,34.5,E+S+2C,1000000,0,1%,Tier 2,2575.0,0.718,0.493,0.08
BFSI,795,31.3,E+S+2C,500000,0,2%,Metro,2099.0,0.729,0.614,0.0656
IT services,375,29.6,E,500000,0,1%,Metro,884.0,0.778,0.282,0.1004
Retail,434,29.1,E+S+2C+P,500000,0,1%,Metro,2621.0,1.074,0.305,0.2388
Pharma,1577,31.9,E+S+2C+P,500000,20,2%,Tier 2,2457.0,0.838,0.382,0.1182
Pharma,469,36.3,E,300000,0,1%,Metro,1178.0,0.654,0.388,0.087
IT services,857,31.0,E+S+2C,1000000,0,No cap,Metro,2617.0,0.883,0.68,0.2094
IT services,250,25.5,E+S+2C+P,300000,0,1%,Metro,2107.0,0.974,0.56,0.1904
Prof. services,1986,32.7,E+S+2C,500000,0,2%,Metro,2220.0,0.723,0.553,0.075
Manufacturing,933,39.5,E+S+2C+P,500000,10,2%,Metro,3421.0,0.891,0.408,0.1964
Manufacturing,582,39.6,E+S+2C,500000,0,2%,Tier 2,2182.0,0.786,0.406,0.15
Manufacturing,918,39.6,E+S+2C+P,1000000,0,2%,Tier 2,4716.0,0.764,0.266,0.1009
Pharma,278,35.1,E+S+2C+P,300000,0,No cap,Metro,3452.0,1.012,0.534,0.257
Prof. services,1321,30.9,E,1000000,0,2%,Metro,1413.0,0.79,0.499,0.1117
Manufacturing,535,34.3,E+S+2C,500000,0,2%,Metro,2606.0,0.755,0.594,0.1537
Prof. services,575,33.9,E+S+2C,500000,0,2%,Metro,2479.0,0.779,0.415,0.09
IT services,483,30.9,E,500000,0,1%,Metro,1123.0,0.672,0.423,0.0911
BFSI,458,37.2,E+S+2C,1000000,0,1%,Metro,2731.0,0.884,0.46,0.1762
BFSI,986,36.7,E+S+2C+P,1000000,20,1%,Tier 2,3754.0,0.791,0.547,0.1433
IT services,757,29.7,E,500000,0,1%,Tier 2,930.0,0.785,0.264,0.0722
IT services,961,26.9,E+S+2C,1000000,0,1%,Metro,1984.0,0.791,0.528,0.1125
Manufacturing,646,36.2,E+S+2C+P,500000,10,1%,Metro,3019.0,0.654,0.438,0.1117
Prof. services,884,33.5,E+S+2C,500000,0,2%,Metro,2299.0,0.69,0.313,0.1111
BFSI,505,33.5,E+S+2C,1000000,0,1%,Metro,2256.0,0.481,0.19,0.0275
Prof. services,2000,31.6,E+S+2C+P,500000,0,No cap,Metro,3448.0,0.953,0.424,0.2314
Retail,253,31.6,E+S+2C,500000,0,1%,Metro,1835.0,0.541,0.614,0.0329
Manufacturing,1385,35.7,E,300000,0,2%,Metro,1172.0,0.802,0.641,0.1146
Retail,1476,29.4,E,300000,0,1%,Tier 2,720.0,0.795,0.483,0.1326
IT services,389,30.8,E+S+2C+P,1000000,0,2%,Metro,3542.0,0.965,0.675,0.182
IT services,2000,29.0,E+S+2C,500000,0,1%,Metro,1700.0,0.682,0.435,0.0785
Retail,1181,31.6,E+S+2C,500000,0,2%,Metro,2078.0,0.769,0.554,0.1177
Retail,1164,31.7,E,300000,0,1%,Tier 2,945.0,0.925,0.386,0.1898
IT services,661,27.2,E+S+2C,500000,0,No cap,Metro,2153.0,1.001,0.378,0.2052
BFSI,570,32.8,E+S+2C+P,1000000,0,1%,Metro,3754.0,1.006,0.359,0.2478
BFSI,573,37.6,E+S+2C,1000000,0,2%,Metro,3161.0,0.842,0.193,0.1654
Retail,821,28.1,E+S+2C+P,300000,10,1%,Metro,2181.0,0.653,0.594,0.0498
BFSI,1506,28.7,E+S+2C,500000,0,2%,Tier 2,1824.0,0.819,0.363,0.1275
Manufacturing,724,32.3,E+S+2C,500000,0,2%,Metro,2021.0,0.759,0.344,0.1055
Manufacturing,376,37.1,E+S+2C+P,500000,20,1%,Tier 2,2692.0,0.885,0.298,0.1689
Manufacturing,1065,37.1,E+S+2C,500000,0,1%,Metro,2071.0,0.737,0.415,0.1236
BFSI,1129,33.7,E+S+2C,500000,0,1%,Metro,2330.0,0.767,0.652,0.1134
Retail,962,34.0,E+S+2C+P,500000,10,1%,Metro,3482.0,0.8,0.691,0.1641
Manufacturing,1016,30.3,E+S+2C,500000,0,No cap,Metro,2167.0,0.833,0.241,0.1433
IT services,552,31.0,E+S+2C,500000,0,1%,Metro,1634.0,0.836,0.397,0.1126
IT services,372,33.9,E+S+2C+P,500000,10,1%,Metro,3085.0,0.692,0.316,0.152
Pharma,386,32.2,E+S+2C,1000000,0,No cap,Metro,2608.0,0.608,0.559,0.1069
Retail,250,30.1,E+S+2C,500000,0,1%,Tier 2,1557.0,1.083,0.474,0.2036
IT services,749,28.1,E,300000,0,1%,Tier 2,754.0,1.039,0.364,0.2064
IT services,618,27.8,E+S+2C,1000000,0,2%,Metro,2291.0,0.814,0.449,0.1092
BFSI,499,33.2,E+S+2C,1000000,0,No cap,Metro,2793.0,0.639,0.383,0.111
IT services,250,33.6,E+S+2C+P,300000,0,2%,Tier 2,2312.0,0.733,0.634,0.1167
Retail,307,35.6,E+S+2C,500000,0,2%,Metro,2445.0,0.879,0.506,0.1519
Manufacturing,1273,36.2,E+S+2C+P,300000,0,No cap,Tier 2,2761.0,1.048,0.52,0.3413
IT services,436,34.8,E+S+2C,500000,0,1%,Metro,2022.0,0.609,0.12,0.0669
Prof. services,807,33.1,E+S+2C,300000,0,No cap,Tier 2,1720.0,0.807,0.432,0.1742
IT services,282,34.4,E+S+2C,500000,0,No cap,Metro,2551.0,0.861,0.69,0.1405
Manufacturing,1541,36.8,E+S+2C+P,300000,0,No cap,Metro,3279.0,1.002,0.599,0.3018
IT services,596,30.3,E+S+2C,500000,0,1%,Metro,1690.0,0.726,0.218,0.1294
IT services,773,30.9,E+S+2C,1000000,0,1%,Metro,2550.0,0.6,0.402,0.0253
IT services,2000,37.9,E+S+2C+P,500000,10,2%,Tier 2,2534.0,0.842,0.296,0.1778
IT services,1614,32.1,E+S+2C,1000000,0,2%,Tier 2,2211.0,0.862,0.645,0.1274
IT services,540,28.2,E+S+2C,1000000,0,2%,Metro,2172.0,0.75,0.469,0.1124
IT services,455,32.4,E+S+2C+P,1000000,10,No cap,Metro,3921.0,0.876,0.348,0.1754
BFSI,534,33.1,E+S+2C,300000,0,2%,Metro,1972.0,0.718,0.444,0.0954
Pharma,882,33.8,E,1000000,0,1%,Metro,1568.0,0.696,0.127,0.0547
Manufacturing,610,39.3,E+S+2C,300000,0,1%,Metro,2078.0,0.932,0.31,0.243
Manufacturing,512,37.1,E,500000,0,1%,Tier 2,1210.0,0.849,0.444,0.1786
BFSI,1567,34.7,E+S+2C,1000000,0,1%,Tier 2,2394.0,0.825,0.541,0.1397
Retail,606,31.0,E+S+2C+P,500000,20,1%,Metro,2183.0,0.959,0.207,0.1871
Retail,2000,31.8,E,500000,0,No cap,Metro,1454.0,0.743,0.394,0.1398
IT services,686,31.1,E+S+2C+P,500000,0,2%,Metro,2669.0,0.808,0.561,0.1385
IT services,1897,25.2,E+S+2C+P,1000000,20,2%,Metro,2735.0,0.76,0.266,0.0744
IT services,805,31.7,E+S+2C,500000,0,1%,Metro,2046.0,0.714,0.468,0.0469
IT services,1158,27.5,E+S+2C+P,500000,0,2%,Metro,2707.0,0.929,0.448,0.186
BFSI,420,30.4,E+S+2C+P,1000000,0,No cap,Metro,3671.0,0.882,0.646,0.1546
Manufacturing,389,36.9,E+S+2C+P,300000,0,No cap,Metro,3564.0,0.781,0.412,0.1616
IT services,856,30.2,E+S+2C,300000,0,2%,Tier 2,1318.0,0.776,0.419,0.1114
Manufacturing,1176,35.3,E+S+2C,500000,0,No cap,Metro,2547.0,0.844,0.543,0.1709
BFSI,665,36.1,E+S+2C,1000000,0,2%,Metro,2871.0,0.903,0.281,0.1957
IT services,300,26.6,E+S+2C,300000,0,2%,Metro,1425.0,0.824,0.413,0.0973
Retail,287,30.0,E+S+2C,300000,0,No cap,Tier 2,1640.0,0.891,0.385,0.1511
IT services,276,28.5,E+S+2C,300000,0,1%,Metro,1647.0,0.821,0.423,0.1567
Prof. services,250,32.9,E,1000000,0,1%,Metro,1351.0,0.743,0.542,0.1069
IT services,694,30.7,E+S+2C+P,300000,0,1%,Metro,2515.0,0.788,0.506,0.1428
Retail,1276,28.5,E+S+2C,500000,0,2%,Metro,1894.0,0.787,0.35,0.0733
Prof. services,644,34.8,E,1000000,0,2%,Metro,1471.0,0.747,0.456,0.1443
Prof. services,250,33.2,E,300000,0,2%,Tier 2,892.0,1.108,0.619,0.1957
Retail,579,26.3,E+S+2C,500000,0,1%,Metro,1603.0,0.924,0.34,0.1759
Pharma,589,30.1,E+S+2C,500000,0,1%,Metro,1776.0,0.848,0.457,0.1363
BFSI,2000,34.0,E,1000000,0,No cap,Metro,1699.0,0.85,0.417,0.1885
Pharma,271,34.4,E+S+2C,500000,0,1%,Tier 2,1951.0,0.769,0.432,0.1305
IT services,514,29.7,E+S+2C,500000,0,No cap,Tier 2,1628.0,0.637,0.244,0.0486
BFSI,1808,33.9,E+S+2C,300000,0,1%,Tier 2,1401.0,0.768,0.609,0.128
BFSI,851,34.6,E+S+2C,500000,0,2%,Metro,2415.0,0.797,0.347,0.1195
Retail,911,33.4,E+S+2C,500000,0,2%,Tier 2,1838.0,0.805,0.563,0.1395
Manufacturing,696,34.2,E+S+2C,300000,0,No cap,Metro,2149.0,0.879,0.365,0.1785
Manufacturing,792,34.1,E,500000,0,1%,Metro,1263.0,0.884,0.365,0.1826
BFSI,1036,31.3,E,1000000,0,No cap,Metro,1349.0,0.747,0.586,0.0998
IT services,399,30.7,E+S+2C,300000,0,2%,Tier 2,1358.0,0.666,0.559,0.0654
IT services,1100,33.1,E+S+2C+P,300000,0,2%,Metro,3127.0,1.014,0.465,0.2468
Manufacturing,285,35.9,E+S+2C+P,500000,0,2%,Metro,3651.0,1.031,0.531,0.2346
Manufacturing,791,30.7,E+S+2C+P,300000,0,1%,Metro,2288.0,0.828,0.405,0.1558
IT services,723,25.7,E+S+2C,300000,0,2%,Metro,1352.0,0.739,0.439,0.0615
Manufacturing,449,34.9,E+S+2C,500000,0,1%,Metro,2133.0,0.773,0.361,0.1266
Manufacturing,641,35.6,E+S+2C,300000,0,1%,Metro,1759.0,0.794,0.548,0.1406
Manufacturing,447,36.0,E+S+2C+P,500000,20,2%,Tier 2,2977.0,0.86,0.357,0.1618
Manufacturing,341,37.1,E+S+2C+P,500000,0,2%,Metro,3476.0,1.316,0.618,0.3297
Pharma,525,34.2,E+S+2C+P,500000,10,1%,Metro,3243.0,0.81,0.402,0.1388
Manufacturing,335,39.6,E+S+2C+P,300000,0,1%,Metro,3127.0,1.017,0.442,0.2926
Prof. services,788,31.3,E+S+2C,1000000,0,1%,Metro,2198.0,0.589,0.531,0.0416
Prof. services,326,30.8,E+S+2C+P,300000,0,1%,Tier 2,2011.0,0.789,0.443,0.1335
Manufacturing,996,38.2,E+S+2C+P,500000,0,2%,Metro,3116.0,1.02,0.404,0.3149
Manufacturing,319,33.2,E+S+2C,500000,0,1%,Metro,2069.0,0.85,0.436,0.1065
BFSI,462,35.0,E+S+2C+P,500000,10,No cap,Metro,3425.0,0.35,0.547,-0.0465
Retail,446,31.3,E,300000,0,1%,Tier 2,855.0,0.871,0.36,0.131
BFSI,1439,33.6,E+S+2C+P,300000,10,1%,Metro,2127.0,0.937,0.425,0.2004
Retail,792,35.0,E+S+2C+P,500000,10,No cap,Tier 2,3338.0,0.611,0.441,0.0656
BFSI,572,32.4,E,300000,0,1%,Metro,1017.0,0.972,0.544,0.2035
BFSI,876,39.2,E+S+2C+P,300000,0,1%,Metro,3510.0,0.618,0.428,0.0994
Manufacturing,250,36.4,E,500000,0,No cap,Metro,1461.0,1.015,0.657,0.1952
Pharma,633,31.8,E+S+2C+P,1000000,0,No cap,Metro,4352.0,0.914,0.421,0.2182
IT services,2000,30.2,E+S+2C+P,300000,0,2%,Metro,2194.0,0.708,0.411,0.0884
Pharma,703,32.3,E+S+2C,1000000,0,1%,Metro,2619.0,0.829,0.419,0.1474
Retail,677,29.1,E+S+2C+P,500000,0,2%,Tier 2,2305.0,1.0,0.282,0.2045
IT services,903,31.0,E,1000000,0,No cap,Tier 2,1136.0,0.849,0.316,0.1803
BFSI,1112,35.4,E+S+2C,500000,0,No cap,Tier 2,2059.0,0.883,0.376,0.1883
IT services,250,28.4,E+S+2C,500000,0,1%,Metro,1772.0,0.682,0.576,0.1148
Pharma,250,37.5,E,500000,0,1%,Tier 2,1096.0,0.438,0.436,0.0224
IT services,737,32.9,E+S+2C,500000,0,1%,Tier 2,1869.0,0.858,0.382,0.1616
Prof. services,423,36.6,E+S+2C,1000000,0,1%,Metro,2487.0,1.055,0.587,0.2343
IT services,1428,31.3,E+S+2C,300000,0,2%,Metro,1494.0,0.865,0.626,0.1523
Prof. services,538,36.4,E+S+2C,300000,0,1%,Tier 2,1946.0,0.531,0.591,0.0379
Retail,250,26.3,E+S+2C+P,300000,0,1%,Metro,2177.0,0.56,0.338,0.0512
BFSI,303,33.2,E+S+2C,1000000,0,1%,Metro,2347.0,0.632,0.381,0.0268
Retail,250,28.8,E+S+2C+P,500000,10,2%,Tier 2,2293.0,0.455,0.658,-0.0328
Retail,564,31.3,E+S+2C,500000,0,1%,Metro,2124.0,0.779,0.469,0.1399
Prof. services,580,31.6,E+S+2C,1000000,0,1%,Metro,2493.0,0.824,0.408,0.1591
IT services,503,29.6,E+S+2C,1000000,0,1%,Metro,2276.0,0.571,0.526,0.0648
BFSI,1241,38.7,E+S+2C,300000,0,No cap,Metro,2679.0,0.91,0.561,0.2281
IT services,1334,29.6,E+S+2C,500000,0,1%,Tier 2,1523.0,0.817,0.371,0.0896
BFSI,586,35.0,E+S+2C,1000000,0,2%,Metro,2903.0,0.719,0.466,0.0956
IT services,250,29.4,E+S+2C,300000,0,1%,Metro,1556.0,0.732,0.551,0.0973
BFSI,941,34.2,E+S+2C,500000,0,1%,Tier 2,1857.0,0.59,0.301,-0.0073
BFSI,907,34.0,E+S+2C,500000,0,1%,Metro,2087.0,0.75,0.441,0.141
Manufacturing,782,38.1,E+S+2C,500000,0,1%,Tier 2,2190.0,0.801,0.306,0.1859
BFSI,1171,36.9,E+S+2C+P,500000,20,1%,Metro,3083.0,0.811,0.322,0.1811
Pharma,323,39.1,E+S+2C,300000,0,2%,Metro,2140.0,0.869,0.372,0.1758
Retail,2000,31.8,E+S+2C+P,300000,20,2%,Metro,2477.0,0.792,0.497,0.1147
Manufacturing,365,38.5,E+S+2C+P,300000,0,1%,Metro,2868.0,0.86,0.401,0.2226
BFSI,1018,31.1,E+S+2C+P,300000,20,1%,Tier 2,1838.0,0.8,0.362,0.134
Prof. services,250,32.8,E+S+2C+P,500000,20,2%,Tier 2,2422.0,0.973,0.446,0.1809
IT services,371,32.4,E,500000,0,1%,Tier 2,1007.0,0.762,0.302,0.1144
IT services,1614,32.2,E+S+2C,300000,0,1%,Metro,1448.0,0.801,0.491,0.1154
IT services,555,30.5,E+S+2C,500000,0,1%,Tier 2,1793.0,0.746,0.576,0.0909
BFSI,1075,36.2,E+S+2C+P,500000,10,1%,Metro,3018.0,0.733,0.43,0.0969
Manufacturing,749,38.2,E+S+2C,500000,0,2%,Tier 2,2564.0,0.859,0.416,0.1909
Pharma,610,38.0,E+S+2C,1000000,0,No cap,Metro,3308.0,0.771,0.485,0.1506
Pharma,1473,35.7,E+S+2C+P,500000,0,No cap,Tier 2,3292.0,0.962,0.197,0.278
Manufacturing,563,36.1,E,1000000,0,No cap,Metro,2062.0,0.836,0.504,0.1683
Retail,250,31.8,E+S+2C,300000,0,1%,Metro,1658.0,0.717,0.812,0.0997
Pharma,401,27.7,E+S+2C+P,500000,20,1%,Tier 2,2153.0,0.709,0.425,0.0626
IT services,904,31.0,E,1000000,0,1%,Metro,1302.0,0.72,0.426,0.0953
Manufacturing,824,27.9,E+S+2C,1000000,0,1%,Metro,2190.0,0.584,0.529,-0.0158
Manufacturing,253,32.7,E+S+2C+P,500000,20,1%,Tier 2,2337.0,0.852,0.637,0.1435
IT services,420,31.1,E,500000,0,1%,Metro,1145.0,0.807,0.557,0.1251
IT services,458,31.2,E+S+2C,500000,0,2%,Metro,1964.0,0.894,0.181,0.1603
Prof. services,522,30.1,E+S+2C,500000,0,1%,Metro,1735.0,0.697,0.508,0.0434
Manufacturing,284,35.2,E+S+2C+P,500000,10,1%,Metro,2924.0,1.133,0.749,0.2519
Manufacturing,445,40.4,E,1000000,0,2%,Metro,1939.0,0.755,0.515,0.159
Pharma,419,33.8,E+S+2C+P,500000,20,1%,Tier 2,2373.0,0.652,0.301,0.083
BFSI,1032,39.6,E+S+2C+P,300000,10,No cap,Tier 2,3219.0,0.752,0.474,0.1504
Prof. services,1056,33.0,E+S+2C,500000,0,1%,Metro,2306.0,0.617,0.286,0.0324
Retail,595,32.0,E+S+2C,300000,0,2%,Metro,1679.0,0.968,0.588,0.195
Manufacturing,513,41.0,E+S+2C,300000,0,1%,Metro,2207.0,0.997,0.325,0.2193
Manufacturing,706,37.3,E+S+2C+P,300000,10,2%,Tier 2,2340.0,0.866,0.449,0.1873
Prof. services,398,30.5,E+S+2C,500000,0,1%,Metro,2239.0,0.633,0.337,0.0818
Pharma,326,34.7,E+S+2C,300000,0,1%,Metro,1922.0,1.094,0.374,0.2081
Prof. services,369,32.9,E,300000,0,2%,Tier 2,938.0,0.724,0.618,0.0866
IT services,444,26.6,E+S+2C+P,300000,10,1%,Tier 2,1522.0,0.715,0.452,0.0557
Retail,323,30.4,E+S+2C,1000000,0,1%,Metro,2311.0,1.014,0.373,0.2052
BFSI,716,32.1,E+S+2C+P,500000,10,No cap,Metro,3276.0,0.892,0.303,0.2025
IT services,1007,32.3,E+S+2C,300000,0,1%,Metro,1689.0,0.989,0.215,0.2144
BFSI,250,34.1,E+S+2C+P,300000,0,2%,Metro,3084.0,0.932,0.29,0.1926
Pharma,659,34.3,E,500000,0,2%,Metro,1530.0,0.738,0.453,0.0834
IT services,569,29.7,E,300000,0,1%,Metro,803.0,0.688,0.558,0.05
Manufacturing,797,37.6,E+S+2C+P,500000,10,2%,Metro,3273.0,0.598,0.373,0.0399
Retail,644,32.5,E+S+2C+P,500000,0,1%,Metro,2764.0,0.845,0.628,0.1465
Manufacturing,271,34.5,E+S+2C,1000000,0,2%,Metro,3232.0,0.999,0.354,0.22
Manufacturing,304,34.4,E+S+2C,300000,0,1%,Metro,2016.0,0.891,0.411,0.1484
Manufacturing,661,39.8,E+S+2C,500000,0,1%,Tier 2,2282.0,0.809,0.31,0.1606
Manufacturing,1205,36.0,E+S+2C,300000,0,1%,Metro,1965.0,0.704,0.559,0.0725
Prof. services,250,29.5,E+S+2C,1000000,0,No cap,Tier 2,2092.0,0.85,0.692,0.1497
Retail,799,32.1,E+S+2C+P,1000000,0,No cap,Metro,4355.0,1.026,0.229,0.2521
IT services,1327,31.2,E+S+2C,500000,0,No cap,Metro,2151.0,0.849,0.398,0.1653
Prof. services,592,29.2,E+S+2C+P,500000,0,2%,Tier 2,2405.0,0.886,0.592,0.162
Retail,904,31.6,E,300000,0,2%,Metro,1032.0,0.693,0.266,0.115
Manufacturing,426,38.8,E,1000000,0,2%,Metro,1792.0,0.932,0.508,0.2133
Retail,605,31.9,E+S+2C+P,500000,20,No cap,Metro,2886.0,0.426,0.587,-0.011
IT services,250,31.6,E+S+2C,300000,0,2%,Metro,1789.0,0.848,0.449,0.1513
Prof. services,250,29.5,E+S+2C+P,500000,10,1%,Metro,2683.0,1.263,0.506,0.3061
Pharma,1144,35.8,E,500000,0,2%,Metro,1531.0,0.655,0.651,0.0289
BFSI,359,33.2,E+S+2C+P,1000000,0,2%,Metro,4132.0,0.842,0.674,0.148
IT services,494,28.8,E+S+2C+P,500000,0,1%,Metro,2773.0,0.862,0.433,0.1524
Retail,282,33.2,E+S+2C+P,500000,10,1%,Metro,2819.0,0.696,0.376,0.1121
IT services,278,33.7,E,500000,0,1%,Metro,1107.0,0.973,0.33,0.1763
IT services,585,34.5,E+S+2C,300000,0,No cap,Metro,2231.0,0.886,0.557,0.1609
IT services,419,33.3,E+S+2C,500000,0,1%,Metro,2128.0,0.804,0.275,0.1606
Pharma,815,34.7,E+S+2C,300000,0,No cap,Metro,1906.0,0.912,0.41,0.1792
IT services,852,30.9,E+S+2C,500000,0,1%,Metro,1879.0,0.773,0.452,0.104
Prof. services,787,34.9,E,500000,0,No cap,Metro,1382.0,1.174,0.38,0.3563
BFSI,750,34.3,E+S+2C,500000,0,1%,Metro,2088.0,0.802,0.474,0.1356
IT services,1675,30.3,E+S+2C,300000,0,No cap,Metro,2061.0,0.824,0.748,0.1279
IT services,342,32.1,E+S+2C,300000,0,2%,Metro,1889.0,0.493,0.425,0.0006
IT services,628,29.9,E+S+2C,500000,0,1%,Tier 2,1820.0,0.701,0.388,0.0597
BFSI,1282,32.2,E+S+2C,300000,0,1%,Tier 2,1535.0,0.875,0.562,0.1427
Retail,1388,30.0,E+S+2C,300000,0,1%,Metro,1598.0,0.658,0.469,0.044
IT services,276,31.6,E+S+2C,500000,0,1%,Metro,1834.0,0.377,0.613,-0.0259
Retail,538,31.0,E+S+2C,500000,0,2%,Metro,2063.0,0.776,0.46,0.1287
IT services,1468,30.9,E+S+2C,500000,0,No cap,Tier 2,1924.0,0.921,0.41,0.1952
Retail,881,32.7,E+S+2C+P,500000,10,2%,Tier 2,2352.0,0.783,0.226,0.1338
Prof. services,730,32.1,E+S+2C,1000000,0,2%,Metro,2499.0,0.738,0.246,0.126
Pharma,570,36.9,E+S+2C,300000,0,1%,Metro,1972.0,0.557,0.22,0.0361
Pharma,516,35.9,E+S+2C+P,500000,20,No cap,Metro,3497.0,0.893,0.486,0.1989
Retail,772,27.9,E+S+2C,1000000,0,No cap,Tier 2,2195.0,0.872,0.277,0.1387
IT services,558,33.6,E+S+2C+P,500000,20,1%,Tier 2,2291.0,0.552,0.591,0.0365
IT services,633,28.7,E+S+2C+P,500000,20,No cap,Metro,2731.0,0.941,0.444,0.2079
IT services,681,25.9,E,500000,0,1%,Metro,877.0,0.841,0.411,0.1035
BFSI,432,31.4,E+S+2C,500000,0,No cap,Metro,1777.0,0.98,0.339,0.1632
Pharma,894,32.4,E+S+2C+P,500000,10,No cap,Metro,3058.0,0.877,0.515,0.1919
BFSI,2000,34.1,E+S+2C+P,500000,10,2%,Tier 2,3010.0,0.829,0.343,0.1678
Retail,250,30.3,E+S+2C,300000,0,1%,Metro,1405.0,0.87,0.322,0.1412
IT services,789,29.2,E,300000,0,2%,Metro,911.0,0.859,0.583,0.1676
Pharma,411,36.5,E+S+2C,500000,0,1%,Metro,2671.0,0.52,0.483,0.0845
IT services,919,30.8,E,300000,0,No cap,Metro,965.0,0.66,0.412,0.0777
IT services,668,30.8,E+S+2C+P,500000,10,1%,Tier 2,2309.0,0.684,0.517,0.1067
Pharma,1026,36.0,E+S+2C,500000,0,2%,Metro,2214.0,0.78,0.441,0.1463
Prof. services,1315,34.5,E+S+2C+P,1000000,0,No cap,Tier 2,4407.0,0.959,0.486,0.2828
BFSI,729,28.7,E+S+2C+P,300000,20,1%,Metro,1950.0,0.8,0.342,0.1698
IT services,1282,29.1,E+S+2C,500000,0,1%,Metro,1819.0,0.86,0.688,0.1663
BFSI,250,28.5,E+S+2C,500000,0,2%,Metro,2108.0,0.984,0.37,0.177
IT services,1687,30.1,E+S+2C+P,300000,10,1%,Metro,2304.0,0.703,0.627,0.0811
Retail,814,31.0,E+S+2C+P,300000,0,1%,Metro,2225.0,0.898,0.417,0.1895
Pharma,1241,37.6,E+S+2C+P,300000,10,1%,Metro,2700.0,0.725,0.537,0.1204
IT services,312,33.0,E,300000,0,1%,Metro,1009.0,0.747,0.528,0.1261
IT services,394,30.5,E+S+2C,300000,0,2%,Metro,1638.0,0.82,0.578,0.1124
IT services,709,28.7,E+S+2C,500000,0,2%,Metro,1608.0,0.371,0.339,-0.0893
Prof. services,643,34.2,E+S+2C+P,500000,20,1%,Metro,2786.0,1.076,0.569,0.2294
Manufacturing,770,35.7,E+S+2C,300000,0,2%,Tier 2,1606.0,0.853,0.662,0.1908
Retail,1245,31.0,E+S+2C,300000,0,1%,Tier 2,1642.0,0.72,0.409,0.0638
BFSI,250,36.5,E+S+2C,300000,0,1%,Metro,2022.0,1.167,0.444,0.2538
BFSI,1165,32.6,E+S+2C,500000,0,2%,Tier 2,1777.0,0.747,0.377,0.1186
IT services,653,32.0,E+S+2C+P,300000,10,1%,Tier 2,1937.0,0.792,0.398,0.1385
Prof. services,575,34.7,E+S+2C,500000,0,2%,Tier 2,1767.0,0.725,0.645,0.1242
Manufacturing,268,34.6,E,300000,0,No cap,Metro,1071.0,1.135,0.319,0.2221
BFSI,879,36.4,E+S+2C+P,300000,10,2%,Metro,3149.0,0.783,0.327,0.2029
Pharma,250,36.7,E+S+2C+P,1000000,10,2%,Metro,5036.0,0.824,0.633,0.1933
BFSI,959,34.3,E+S+2C,300000,0,1%,Tier 2,1714.0,0.904,0.515,0.1852
Prof. services,265,31.1,E+S+2C,300000,0,1%,Tier 2,1437.0,0.882,0.694,0.1642
IT services,671,27.9,E+S+2C+P,300000,10,1%,Metro,1952.0,0.753,0.386,0.0849
BFSI,605,32.7,E+S+2C+P,1000000,0,No cap,Metro,3829.0,1.057,0.455,0.2677
Manufacturing,1311,38.4,E+S+2C,500000,0,No cap,Tier 2,2947.0,1.056,0.361,0.3261
Manufacturing,583,34.6,E+S+2C,500000,0,1%,Tier 2,1897.0,0.827,0.457,0.1003
IT services,428,31.1,E+S+2C,1000000,0,1%,Metro,2808.0,0.79,0.227,0.1299
IT services,479,26.9,E,300000,0,1%,Metro,877.0,0.779,0.522,0.1084
IT services,1395,29.5,E+S+2C+P,1000000,10,2%,Metro,2843.0,0.873,0.479,0.2157
Manufacturing,896,37.3,E,300000,0,2%,Metro,1138.0,0.736,0.433,0.082
Manufacturing,515,43.1,E,500000,0,2%,Metro,1642.0,0.783,0.393,0.1959
BFSI,564,30.6,E+S+2C+P,500000,20,No cap,Tier 2,2439.0,0.612,0.333,0.0565
BFSI,253,37.7,E+S+2C+P,500000,0,1%,Tier 2,3094.0,0.671,0.527,0.1141
Manufacturing,820,37.4,E+S+2C+P,1000000,10,2%,Metro,5473.0,0.742,0.299,0.1143
Manufacturing,250,38.0,E+S+2C,300000,0,2%,Metro,2055.0,0.789,0.501,0.1254
IT services,1020,30.3,E+S+2C,1000000,0,1%,Metro,2348.0,0.939,0.689,0.2035
BFSI,702,35.1,E+S+2C,500000,0,No cap,Metro,2675.0,0.89,0.618,0.1728
Manufacturing,2000,36.6,E+S+2C,500000,0,1%,Metro,2358.0,0.732,0.259,0.1219
IT services,335,33.6,E+S+2C,1000000,0,2%,Metro,2782.0,0.661,0.376,0.075
Manufacturing,611,35.9,E+S+2C,300000,0,2%,Metro,1910.0,0.962,0.491,0.1866
Manufacturing,1912,39.8,E+S+2C,1000000,0,No cap,Metro,3696.0,0.926,0.432,0.2311
IT services,1328,28.4,E+S+2C+P,500000,0,2%,Metro,2841.0,0.864,0.272,0.1734
BFSI,428,33.8,E+S+2C+P,500000,20,1%,Tier 2,2484.0,0.718,0.486,0.1083
BFSI,743,31.3,E,300000,0,No cap,Metro,1091.0,0.94,0.439,0.2051
Pharma,650,36.1,E+S+2C,500000,0,No cap,Metro,2955.0,0.713,0.67,0.1331
BFSI,769,37.6,E+S+2C,500000,0,2%,Tier 2,2453.0,0.842,0.41,0.1802
BFSI,427,33.8,E+S+2C,500000,0,No cap,Metro,2447.0,1.16,0.58,0.2713
Manufacturing,616,36.5,E+S+2C,300000,0,1%,Metro,1818.0,0.819,0.288,0.1315
Retail,250,28.2,E+S+2C,300000,0,2%,Metro,1514.0,0.611,0.317,0.0603
BFSI,704,33.4,E+S+2C+P,1000000,0,No cap,Metro,4173.0,0.969,0.527,0.2541
Manufacturing,851,33.0,E+S+2C,300000,0,1%,Metro,1803.0,0.731,0.57,0.0657
BFSI,567,31.7,E+S+2C+P,500000,10,2%,Metro,2787.0,0.596,0.325,0.0425
Manufacturing,250,37.6,E,1000000,0,No cap,Metro,1728.0,0.974,0.443,0.1967
BFSI,1176,37.3,E,300000,0,No cap,Metro,1169.0,0.937,0.274,0.2333
Pharma,808,42.0,E+S+2C,300000,0,No cap,Metro,2416.0,0.823,0.418,0.1771
Retail,420,29.5,E,500000,0,1%,Metro,993.0,0.71,0.54,0.0981
Prof. services,549,36.6,E+S+2C,300000,0,No cap,Metro,2026.0,0.709,0.388,0.0901
BFSI,264,34.6,E+S+2C+P,500000,0,1%,Metro,2942.0,0.858,0.41,0.1413
BFSI,351,33.6,E+S+2C,500000,0,2%,Tier 2,1918.0,0.691,0.304,0.0802
Retail,470,32.1,E+S+2C,500000,0,2%,Metro,1923.0,0.634,0.362,0.0601
Manufacturing,1358,37.2,E+S+2C,500000,0,No cap,Metro,2820.0,0.994,0.651,0.2391
Retail,442,31.3,E+S+2C,500000,0,No cap,Metro,2362.0,0.881,0.449,0.1556
Manufacturing,954,36.0,E+S+2C,500000,0,2%,Metro,2348.0,0.849,0.32,0.16
IT services,470,26.5,E+S+2C,300000,0,2%,Tier 2,1266.0,0.879,0.402,0.1158
IT services,754,26.1,E+S+2C+P,500000,10,1%,Metro,2338.0,0.838,0.248,0.144
Retail,597,32.6,E,1000000,0,2%,Metro,1383.0,0.727,0.318,0.0842
IT services,1097,29.3,E+S+2C,500000,0,2%,Tier 2,1599.0,0.79,0.603,0.1295
Manufacturing,471,35.5,E+S+2C+P,500000,10,1%,Tier 2,2997.0,0.752,0.423,0.1417
Manufacturing,253,37.0,E+S+2C+P,300000,0,2%,Metro,3366.0,0.98,0.667,0.1999
IT services,283,32.0,E+S+2C,300000,0,No cap,Metro,2036.0,0.878,0.429,0.1657
Manufacturing,472,37.5,E+S+2C,300000,0,2%,Metro,2364.0,0.744,0.436,0.1291
Pharma,307,33.4,E,300000,0,No cap,Metro,956.0,0.589,0.517,0.1065
IT services,831,33.1,E+S+2C,1000000,0,1%,Metro,2831.0,0.796,0.119,0.1161
Retail,491,34.9,E,300000,0,2%,Metro,1141.0,0.76,0.465,0.1376
Retail,2000,32.2,E+S+2C+P,1000000,20,1%,Tier 2,3025.0,0.648,0.434,0.054
Manufacturing,250,39.4,E+S+2C,300000,0,1%,Metro,2282.0,0.904,0.618,0.2142
IT services,734,33.1,E+S+2C+P,300000,0,2%,Metro,2745.0,0.989,0.556,0.2655
BFSI,330,36.8,E,500000,0,1%,Metro,1278.0,1.221,0.304,0.2823
IT services,483,31.5,E+S+2C+P,300000,10,1%,Metro,2367.0,0.72,0.589,0.1082
Manufacturing,707,38.5,E+S+2C+P,500000,20,2%,Metro,3372.0,0.74,0.409,0.1544
Prof. services,250,34.3,E,1000000,0,1%,Tier 2,1370.0,0.571,0.331,0.0585
Prof. services,749,30.3,E,1000000,0,1%,Metro,1116.0,0.792,0.464,0.149
Pharma,2000,36.8,E,300000,0,1%,Metro,1061.0,0.809,0.416,0.1514
Manufacturing,495,33.6,E+S+2C+P,500000,10,2%,Metro,3644.0,0.671,0.625,0.0944
Pharma,759,33.0,E+S+2C,300000,0,1%,Metro,1681.0,0.761,0.481,0.102
Pharma,1202,38.3,E+S+2C,1000000,0,2%,Metro,3180.0,0.626,0.465,0.0313
Manufacturing,589,39.1,E+S+2C,500000,0,2%,Tier 2,2234.0,0.921,0.548,0.2067
BFSI,458,37.7,E+S+2C+P,300000,10,1%,Metro,2932.0,0.689,0.571,0.111
IT services,250,29.3,E+S+2C,300000,0,No cap,Metro,1666.0,0.799,0.534,0.1519
IT services,954,27.1,E+S+2C,300000,0,1%,Tier 2,1241.0,0.615,0.61,-0.0287
BFSI,607,33.4,E+S+2C+P,300000,10,2%,Metro,2794.0,0.709,0.513,0.1153
IT services,354,30.3,E+S+2C,1000000,0,1%,Tier 2,1908.0,0.724,0.46,0.107
IT services,701,30.2,E+S+2C+P,500000,10,2%,Metro,2924.0,0.767,0.589,0.0808
Retail,457,33.8,E,1000000,0,1%,Metro,1533.0,0.852,0.429,0.193
Prof. services,473,32.1,E+S+2C,300000,0,No cap,Tier 2,1857.0,1.019,0.444,0.2057
BFSI,935,34.9,E+S+2C+P,500000,0,1%,Metro,3254.0,0.961,0.647,0.2459
Retail,291,28.5,E+S+2C+P,300000,20,2%,Metro,2687.0,0.935,0.635,0.1835
Prof. services,1218,34.1,E+S+2C+P,500000,20,1%,Metro,3034.0,0.911,0.439,0.2302
IT services,281,30.0,E+S+2C,300000,0,1%,Metro,1632.0,0.872,0.386,0.1445
Manufacturing,436,35.1,E+S+2C,300000,0,1%,Metro,1774.0,0.783,0.616,0.1523
Manufacturing,2000,36.4,E+S+2C,500000,0,2%,Metro,2471.0,0.863,0.536,0.1885
IT services,1278,29.5,E+S+2C,300000,0,2%,Tier 2,1635.0,0.858,0.478,0.1733
Pharma,689,34.3,E+S+2C,500000,0,No cap,Metro,2840.0,0.901,0.401,0.2068
Manufacturing,369,41.4,E+S+2C,500000,0,2%,Metro,3341.0,0.582,0.48,0.1302
Manufacturing,473,36.8,E+S+2C,300000,0,No cap,Metro,2441.0,0.717,0.437,0.1465
IT services,679,29.4,E+S+2C,1000000,0,1%,Metro,2020.0,0.733,0.36,0.0492
IT services,664,24.8,E+S+2C,500000,0,No cap,Metro,1843.0,0.88,0.455,0.1999
Prof. services,615,30.8,E,1000000,0,2%,Metro,1242.0,0.768,0.472,0.096
IT services,638,29.3,E+S+2C+P,500000,20,2%,Metro,2228.0,0.903,0.395,0.2106
IT services,571,28.3,E+S+2C,500000,0,No cap,Metro,2044.0,0.97,0.548,0.1971
Manufacturing,273,40.5,E,500000,0,2%,Metro,1645.0,1.032,0.595,0.2477
Manufacturing,476,36.6,E+S+2C+P,1000000,0,No cap,Metro,5099.0,1.103,0.556,0.2807
BFSI,1125,37.2,E+S+2C+P,500000,10,2%,Metro,3653.0,0.702,0.407,0.1257
Manufacturing,285,37.2,E+S+2C,300000,0,1%,Tier 2,1867.0,0.884,0.531,0.1562
IT services,580,30.1,E+S+2C,300000,0,2%,Tier 2,1374.0,0.691,0.449,0.0944
IT services,397,29.8,E,500000,0,2%,Metro,1077.0,0.514,0.292,0.0267
Retail,694,31.0,E,300000,0,No cap,Tier 2,801.0,0.779,0.521,0.136
BFSI,514,38.3,E+S+2C+P,300000,20,No cap,Tier 2,2331.0,1.02,0.458,0.2196
BFSI,1577,28.2,E+S+2C+P,300000,0,1%,Metro,2297.0,0.896,0.751,0.1821
Pharma,880,30.0,E,500000,0,1%,Tier 2,849.0,0.976,0.615,0.207
Pharma,295,33.6,E+S+2C+P,300000,10,1%,Metro,2654.0,0.814,0.525,0.1613
IT services,972,30.0,E,500000,0,2%,Metro,1197.0,1.008,0.47,0.2503
Manufacturing,408,38.7,E+S+2C,500000,0,1%,Metro,2416.0,0.83,0.46,0.156
BFSI,459,35.2,E+S+2C+P,1000000,0,2%,Metro,4424.0,0.892,0.32,0.194
Manufacturing,784,36.0,E+S+2C,300000,0,2%,Metro,1982.0,0.652,0.231,0.0939
Retail,483,33.5,E,500000,0,No cap,Tier 2,1002.0,0.977,0.335,0.1592
Manufacturing,1110,39.6,E+S+2C,500000,0,1%,Metro,2641.0,0.76,0.434,0.1462
Pharma,408,35.5,E+S+2C+P,500000,20,2%,Metro,2994.0,0.692,0.187,0.1152
Retail,448,33.4,E+S+2C,500000,0,1%,Metro,2035.0,0.967,0.375,0.1748
BFSI,438,34.7,E+S+2C,300000,0,No cap,Metro,2497.0,0.996,0.41,0.2298
Prof. services,462,31.6,E,1000000,0,1%,Tier 2,1029.0,0.936,0.414,0.1896
BFSI,1257,35.7,E+S+2C,300000,0,1%,Tier 2,1756.0,0.76,0.361,0.1296
Retail,947,31.3,E+S+2C,1000000,0,1%,Metro,2204.0,0.768,0.399,0.1033
Manufacturing,1813,37.0,E+S+2C+P,500000,0,No cap,Metro,4242.0,0.932,0.647,0.271
Manufacturing,2000,40.7,E+S+2C+P,300000,10,1%,Metro,3243.0,0.864,0.519,0.2334
BFSI,350,27.9,E+S+2C+P,500000,0,2%,Metro,2761.0,1.114,0.373,0.2298
IT services,678,26.5,E+S+2C+P,300000,20,2%,Tier 2,1566.0,0.797,0.432,0.0986
Manufacturing,320,34.0,E+S+2C,500000,0,No cap,Tier 2,2021.0,1.162,0.437,0.239
Prof. services,407,32.1,E+S+2C,500000,0,1%,Metro,2168.0,0.912,0.348,0.1826
BFSI,445,33.4,E+S+2C,300000,0,1%,Metro,2061.0,0.747,0.348,0.1113
IT services,344,26.2,E+S+2C,300000,0,1%,Metro,1448.0,0.89,0.561,0.1109
Manufacturing,345,34.5,E+S+2C+P,500000,0,1%,Metro,2959.0,1.167,0.39,0.2411
IT services,596,27.8,E+S+2C+P,300000,10,2%,Metro,2209.0,1.01,0.309,0.2351
IT services,313,36.1,E+S+2C+P,1000000,0,1%,Metro,4982.0,1.098,0.435,0.2433
Prof. services,1077,37.5,E+S+2C,500000,0,1%,Metro,2452.0,0.8,0.454,0.1549
Manufacturing,374,36.0,E+S+2C,500000,0,1%,Tier 2,2270.0,0.758,0.203,0.1424
Manufacturing,2000,36.1,E+S+2C,300000,0,2%,Metro,1973.0,0.832,0.435,0.1337
BFSI,495,31.1,E,500000,0,1%,Metro,1067.0,1.003,0.544,0.2
IT services,678,25.2,E+S+2C,1000000,0,2%,Metro,2159.0,0.8,0.494,0.0955
IT services,298,29.7,E+S+2C,300000,0,1%,Metro,1625.0,0.847,0.708,0.1387
Pharma,1809,32.5,E,300000,0,No cap,Metro,1022.0,0.822,0.59,0.1797
BFSI,1272,33.8,E+S+2C+P,300000,20,2%,Metro,2336.0,0.755,0.614,0.1018
Prof. services,776,29.0,E,500000,0,1%,Tier 2,942.0,0.746,0.776,0.0893
BFSI,289,32.1,E+S+2C,500000,0,1%,Metro,2214.0,0.801,0.531,0.1472
